particle_number,pi
1,4.000000
2,2.000000
4,3.000000
8,3.000000
16,3.250000
32,3.250000
64,3.125000
128,3.187500
256,3.203125
512,3.218750
1024,3.144531
2048,3.154297
4096,3.158203
8192,3.170898
16384,3.155518
32768,3.150635
65536,3.141907
131072,3.141724
262144,3.140884
524288,3.139565
1048576,3.141644
2097152,3.141472
4194304,3.140812
8388608,3.141272
16777216,3.141441
33554432,3.141462
67108864,3.141400
134217728,3.141663
